datetime,sunrise,sunset,conditions,cloudcover,moonphase
2017-06-01,2017-06-01T05:09:53,2017-06-01T20:10:47,"Rain, Partially cloudy",32.7,0.25
2017-06-02,2017-06-02T05:09:27,2017-06-02T20:11:31,"Rain, Partially cloudy",25.8,0.3
2017-06-03,2017-06-03T05:09:03,2017-06-03T20:12:14,"Rain, Partially cloudy",42.5,0.35
2017-06-04,2017-06-04T05:08:41,2017-06-04T20:12:55,"Rain, Partially cloudy",38.1,0.39
2017-06-05,2017-06-05T05:08:21,2017-06-05T20:13:35,"Rain, Overcast",95.2,0.43
2017-06-06,2017-06-06T05:08:03,2017-06-06T20:14:14,"Rain, Overcast",98.1,0.46
2017-06-07,2017-06-07T05:07:48,2017-06-07T20:14:51,"Rain, Partially cloudy",54.5,0.48
2017-06-08,2017-06-08T05:07:34,2017-06-08T20:15:26,Clear,4.1,0.49
2017-06-09,2017-06-09T05:07:22,2017-06-09T20:16:00,"Rain, Partially cloudy",41.1,0.5
2017-06-10,2017-06-10T05:07:13,2017-06-10T20:16:33,Clear,2.3,0.51
2017-06-11,2017-06-11T05:07:05,2017-06-11T20:17:03,Clear,0.6,0.52
2017-06-12,2017-06-12T05:07:00,2017-06-12T20:17:32,Clear,0,0.54
2017-06-13,2017-06-13T05:06:57,2017-06-13T20:18:00,"Rain, Partially cloudy",22.3,0.57
2017-06-14,2017-06-14T05:06:55,2017-06-14T20:18:25,"Rain, Partially cloudy",23.7,0.61
2017-06-15,2017-06-15T05:06:56,2017-06-15T20:18:49,Clear,2.8,0.65
2017-06-16,2017-06-16T05:06:58,2017-06-16T20:19:11,"Rain, Partially cloudy",80.9,0.7
2017-06-17,2017-06-17T05:07:03,2017-06-17T20:19:31,"Rain, Overcast",92.6,0.76
2017-06-18,2017-06-18T05:07:10,2017-06-18T20:19:49,"Rain, Partially cloudy",89.1,0.81
2017-06-19,2017-06-19T05:07:18,2017-06-19T20:20:06,Overcast,96.2,0.86
2017-06-20,2017-06-20T05:07:29,2017-06-20T20:20:20,"Rain, Partially cloudy",54.7,0.91
2017-06-21,2017-06-21T05:07:41,2017-06-21T20:20:32,Partially cloudy,21,0.95
2017-06-22,2017-06-22T05:07:56,2017-06-22T20:20:43,Clear,12,0.99
2017-06-23,2017-06-23T05:08:12,2017-06-23T20:20:51,Partially cloudy,52.9,1
2017-06-24,2017-06-24T05:08:30,2017-06-24T20:20:57,"Rain, Partially cloudy",57.6,0
2017-06-25,2017-06-25T05:08:50,2017-06-25T20:21:02,Clear,17.4,0.01
2017-06-26,2017-06-26T05:09:12,2017-06-26T20:21:04,Clear,18.8,0.04
2017-06-27,2017-06-27T05:09:35,2017-06-27T20:21:04,"Rain, Partially cloudy",29.4,0.08
2017-06-28,2017-06-28T05:10:00,2017-06-28T20:21:03,Clear,10.1,0.12
2017-06-29,2017-06-29T05:10:27,2017-06-29T20:20:59,Clear,0.4,0.17
2017-06-30,2017-06-30T05:10:55,2017-06-30T20:20:53,"Rain, Partially cloudy",23.3,0.22
2017-07-01,2017-07-01T05:11:26,2017-07-01T20:20:44,Partially cloudy,85.7,0.27
2017-07-02,2017-07-02T05:11:57,2017-07-02T20:20:34,"Rain, Partially cloudy",40,0.32
2017-07-03,2017-07-03T05:12:30,2017-07-03T20:20:22,Clear,8.9,0.37
2017-07-04,2017-07-04T05:13:05,2017-07-04T20:20:07,Partially cloudy,26.7,0.41
2017-07-05,2017-07-05T05:13:41,2017-07-05T20:19:51,Clear,1.2,0.44
2017-07-06,2017-07-06T05:14:19,2017-07-06T20:19:32,Clear,3.7,0.47
2017-07-07,2017-07-07T05:14:58,2017-07-07T20:19:12,"Rain, Overcast",91.6,0.49
2017-07-08,2017-07-08T05:15:38,2017-07-08T20:18:49,"Rain, Partially cloudy",41.9,0.5
2017-07-09,2017-07-09T05:16:19,2017-07-09T20:18:24,Clear,3.8,0.5
2017-07-10,2017-07-10T05:17:02,2017-07-10T20:17:57,Clear,6.9,0.51
2017-07-11,2017-07-11T05:17:46,2017-07-11T20:17:28,"Rain, Partially cloudy",72.3,0.53
2017-07-12,2017-07-12T05:18:31,2017-07-12T20:16:57,"Rain, Partially cloudy",42.8,0.55
2017-07-13,2017-07-13T05:19:18,2017-07-13T20:16:24,"Rain, Partially cloudy",89.7,0.59
2017-07-14,2017-07-14T05:20:05,2017-07-14T20:15:49,Overcast,96.3,0.63
2017-07-15,2017-07-15T05:20:53,2017-07-15T20:15:12,Partially cloudy,68.5,0.68
2017-07-16,2017-07-16T05:21:42,2017-07-16T20:14:33,Clear,14.1,0.74
2017-07-17,2017-07-17T05:22:33,2017-07-17T20:13:52,Partially cloudy,34.4,0.79
2017-07-18,2017-07-18T05:23:24,2017-07-18T20:13:09,Partially cloudy,62.9,0.85
2017-07-19,2017-07-19T05:24:16,2017-07-19T20:12:24,Partially cloudy,52,0.9
2017-07-20,2017-07-20T05:25:08,2017-07-20T20:11:37,Clear,7.1,0.94
2017-07-21,2017-07-21T05:26:02,2017-07-21T20:10:48,Clear,3.7,0.98
2017-07-22,2017-07-22T05:26:56,2017-07-22T20:09:58,Clear,7.3,1
2017-07-23,2017-07-23T05:27:51,2017-07-23T20:09:06,Partially cloudy,44.6,0
2017-07-24,2017-07-24T05:28:46,2017-07-24T20:08:12,"Rain, Partially cloudy",83,0.01
2017-07-25,2017-07-25T05:29:43,2017-07-25T20:07:16,"Rain, Partially cloudy",74.9,0.03
2017-07-26,2017-07-26T05:30:39,2017-07-26T20:06:18,Clear,2.8,0.06
2017-07-27,2017-07-27T05:31:37,2017-07-27T20:05:19,"Rain, Partially cloudy",33.7,0.1
2017-07-28,2017-07-28T05:32:34,2017-07-28T20:04:18,"Rain, Partially cloudy",46,0.14
2017-07-29,2017-07-29T05:33:32,2017-07-29T20:03:16,"Rain, Partially cloudy",64.7,0.2
2017-07-30,2017-07-30T05:34:31,2017-07-30T20:02:11,Clear,5.2,0.24
2017-07-31,2017-07-31T05:35:30,2017-07-31T20:01:06,Clear,0.8,0.29
2017-08-01,2017-08-01T05:36:29,2017-08-01T19:59:58,Clear,4.8,0.34
2017-08-02,2017-08-02T05:37:29,2017-08-02T19:58:50,Partially cloudy,27.9,0.38
2017-08-03,2017-08-03T05:38:29,2017-08-03T19:57:39,Partially cloudy,24,0.42
2017-08-04,2017-08-04T05:39:29,2017-08-04T19:56:27,Partially cloudy,45.9,0.45
2017-08-05,2017-08-05T05:40:30,2017-08-05T19:55:14,"Rain, Partially cloudy",63.8,0.48
2017-08-06,2017-08-06T05:41:31,2017-08-06T19:54:00,Clear,1.7,0.49
2017-08-07,2017-08-07T05:42:32,2017-08-07T19:52:44,"Rain, Partially cloudy",36.3,0.5
2017-08-08,2017-08-08T05:43:33,2017-08-08T19:51:26,"Rain, Partially cloudy",64.4,0.51
2017-08-09,2017-08-09T05:44:34,2017-08-09T19:50:08,Clear,6.4,0.52
2017-08-10,2017-08-10T05:45:35,2017-08-10T19:48:48,Clear,4.1,0.54
2017-08-11,2017-08-11T05:46:37,2017-08-11T19:47:27,Partially cloudy,40.6,0.57
2017-08-12,2017-08-12T05:47:38,2017-08-12T19:46:04,"Rain, Partially cloudy",85,0.62
2017-08-13,2017-08-13T05:48:40,2017-08-13T19:44:41,"Rain, Partially cloudy",57.6,0.67
2017-08-14,2017-08-14T05:49:42,2017-08-14T19:43:16,Clear,8.5,0.72
2017-08-15,2017-08-15T05:50:44,2017-08-15T19:41:51,"Rain, Partially cloudy",56.7,0.78
2017-08-16,2017-08-16T05:51:46,2017-08-16T19:40:24,Partially cloudy,31.4,0.84
2017-08-17,2017-08-17T05:52:48,2017-08-17T19:38:56,Clear,7.1,0.89
2017-08-18,2017-08-18T05:53:49,2017-08-18T19:37:27,"Rain, Partially cloudy",70.2,0.93
2017-08-19,2017-08-19T05:54:51,2017-08-19T19:35:57,"Rain, Partially cloudy",62.1,0.97
2017-08-20,2017-08-20T05:55:53,2017-08-20T19:34:27,Clear,11.3,0.99
2017-08-21,2017-08-21T05:56:55,2017-08-21T19:32:55,Clear,0,1
2017-08-22,2017-08-22T05:57:57,2017-08-22T19:31:23,Partially cloudy,63.4,0
2017-08-23,2017-08-23T05:58:59,2017-08-23T19:29:49,Partially cloudy,47.5,0.02
2017-08-24,2017-08-24T06:00:01,2017-08-24T19:28:15,Clear,17.1,0.04
2017-08-25,2017-08-25T06:01:02,2017-08-25T19:26:40,Partially cloudy,46.2,0.08
2017-08-26,2017-08-26T06:02:04,2017-08-26T19:25:04,Clear,8.1,0.12
2017-08-27,2017-08-27T06:03:06,2017-08-27T19:23:28,Clear,4.8,0.16
2017-08-28,2017-08-28T06:04:08,2017-08-28T19:21:51,Clear,11.2,0.21
2017-08-29,2017-08-29T06:05:09,2017-08-29T19:20:13,"Rain, Partially cloudy",20.2,0.26
2017-08-30,2017-08-30T06:06:11,2017-08-30T19:18:35,"Rain, Partially cloudy",41.8,0.31
2017-08-31,2017-08-31T06:07:13,2017-08-31T19:16:56,"Rain, Partially cloudy",21.7,0.35
2017-09-01,2017-09-01T06:08:14,2017-09-01T19:15:16,Clear,6.5,0.39
2017-09-02,2017-09-02T06:09:16,2017-09-02T19:13:36,Clear,0,0.43
2017-09-03,2017-09-03T06:10:17,2017-09-03T19:11:56,"Rain, Partially cloudy",71.8,0.46
2017-09-04,2017-09-04T06:11:19,2017-09-04T19:10:15,Clear,0,0.48
2017-09-05,2017-09-05T06:12:20,2017-09-05T19:08:33,Partially cloudy,20.1,0.5
2017-09-06,2017-09-06T06:13:22,2017-09-06T19:06:52,"Rain, Partially cloudy",86,0.5
2017-09-07,2017-09-07T06:14:23,2017-09-07T19:05:09,"Rain, Partially cloudy",53.2,0.51
2017-09-08,2017-09-08T06:15:24,2017-09-08T19:03:27,Clear,16.1,0.53
2017-09-09,2017-09-09T06:16:26,2017-09-09T19:01:44,Clear,10.5,0.56
2017-09-10,2017-09-10T06:17:27,2017-09-10T19:00:00,Partially cloudy,20.5,0.61
2017-09-11,2017-09-11T06:18:29,2017-09-11T18:58:17,Clear,1.3,0.66
2017-09-12,2017-09-12T06:19:30,2017-09-12T18:56:33,Clear,0,0.71
2017-09-13,2017-09-13T06:20:32,2017-09-13T18:54:49,Clear,7.1,0.77
2017-09-14,2017-09-14T06:21:34,2017-09-14T18:53:05,Partially cloudy,59.1,0.82
2017-09-15,2017-09-15T06:22:35,2017-09-15T18:51:21,"Rain, Partially cloudy",62.3,0.88
2017-09-16,2017-09-16T06:23:37,2017-09-16T18:49:37,Partially cloudy,54,0.92
2017-09-17,2017-09-17T06:24:39,2017-09-17T18:47:52,Partially cloudy,63.3,0.96
2017-09-18,2017-09-18T06:25:41,2017-09-18T18:46:07,Overcast,95.2,0.99
2017-09-19,2017-09-19T06:26:43,2017-09-19T18:44:23,"Rain, Overcast",91.3,1
2017-09-20,2017-09-20T06:27:45,2017-09-20T18:42:38,"Rain, Overcast",94.4,0
2017-09-21,2017-09-21T06:28:47,2017-09-21T18:40:54,"Rain, Overcast",95.3,0.01
2017-09-22,2017-09-22T06:29:49,2017-09-22T18:39:09,"Rain, Overcast",98.5,0.03
2017-09-23,2017-09-23T06:30:52,2017-09-23T18:37:25,"Rain, Partially cloudy",79,0.06
2017-09-24,2017-09-24T06:31:54,2017-09-24T18:35:41,Partially cloudy,22.8,0.09
2017-09-25,2017-09-25T06:32:57,2017-09-25T18:33:56,Partially cloudy,23.8,0.13
2017-09-26,2017-09-26T06:34:00,2017-09-26T18:32:12,"Rain, Partially cloudy",53.4,0.17
2017-09-27,2017-09-27T06:35:03,2017-09-27T18:30:29,Partially cloudy,66.9,0.22
2017-09-28,2017-09-28T06:36:06,2017-09-28T18:28:45,Partially cloudy,38.4,0.27
2017-09-29,2017-09-29T06:37:10,2017-09-29T18:27:02,Partially cloudy,28,0.32
2017-09-30,2017-09-30T06:38:13,2017-09-30T18:25:19,"Rain, Partially cloudy",68.2,0.36
2017-10-01,2017-10-01T06:39:17,2017-10-01T18:23:36,Clear,5.4,0.4
2017-10-02,2017-10-02T06:40:22,2017-10-02T18:21:54,Clear,0,0.44
2017-10-03,2017-10-03T06:41:26,2017-10-03T18:20:12,Clear,0.4,0.47
2017-10-04,2017-10-04T06:42:31,2017-10-04T18:18:31,Clear,2.6,0.49
2017-10-05,2017-10-05T06:43:36,2017-10-05T18:16:50,Clear,14,0.5
2017-10-06,2017-10-06T06:44:41,2017-10-06T18:15:09,"Rain, Partially cloudy",31.4,0.51
2017-10-07,2017-10-07T06:45:46,2017-10-07T18:13:29,Partially cloudy,51.3,0.52
2017-10-08,2017-10-08T06:46:52,2017-10-08T18:11:49,"Rain, Partially cloudy",77.3,0.55
2017-10-09,2017-10-09T06:47:58,2017-10-09T18:10:11,"Rain, Overcast",90.7,0.59
2017-10-10,2017-10-10T06:49:04,2017-10-10T18:08:32,Partially cloudy,28.1,0.64
2017-10-11,2017-10-11T06:50:11,2017-10-11T18:06:55,Clear,16.1,0.7
2017-10-12,2017-10-12T06:51:18,2017-10-12T18:05:18,Partially cloudy,46,0.75
2017-10-13,2017-10-13T06:52:25,2017-10-13T18:03:42,Partially cloudy,28.7,0.81
2017-10-14,2017-10-14T06:53:33,2017-10-14T18:02:06,"Rain, Partially cloudy",81.7,0.86
2017-10-15,2017-10-15T06:54:41,2017-10-15T18:00:31,"Rain, Partially cloudy",83.9,0.91
2017-10-16,2017-10-16T06:55:49,2017-10-16T17:58:58,"Rain, Partially cloudy",75.4,0.95
2017-10-17,2017-10-17T06:56:57,2017-10-17T17:57:25,Partially cloudy,22,0.98
2017-10-18,2017-10-18T06:58:06,2017-10-18T17:55:53,Clear,0,1
2017-10-19,2017-10-19T06:59:16,2017-10-19T17:54:21,Clear,13.6,1
2017-10-20,2017-10-20T07:00:25,2017-10-20T17:52:51,Clear,0,0
2017-10-21,2017-10-21T07:01:35,2017-10-21T17:51:22,Clear,0,0.01
2017-10-22,2017-10-22T07:02:45,2017-10-22T17:49:54,Clear,8.7,0.04
2017-10-23,2017-10-23T07:03:56,2017-10-23T17:48:27,Partially cloudy,44.5,0.06
2017-10-24,2017-10-24T07:05:06,2017-10-24T17:47:01,"Rain, Partially cloudy",63.5,0.1
2017-10-25,2017-10-25T07:06:18,2017-10-25T17:45:36,"Rain, Partially cloudy",89.3,0.14
2017-10-26,2017-10-26T07:07:29,2017-10-26T17:44:12,"Rain, Partially cloudy",84.3,0.18
2017-10-27,2017-10-27T07:08:41,2017-10-27T17:42:50,Clear,0,0.23
2017-10-28,2017-10-28T07:09:53,2017-10-28T17:41:29,Clear,15.1,0.28
2017-10-29,2017-10-29T07:11:05,2017-10-29T17:40:09,"Rain, Partially cloudy",56.3,0.33
2017-10-30,2017-10-30T07:12:17,2017-10-30T17:38:50,"Rain, Partially cloudy",55.7,0.37
2017-10-31,2017-10-31T07:13:30,2017-10-31T17:37:33,Clear,0,0.42
2017-11-01,2017-11-01T07:14:43,2017-11-01T17:36:17,Partially cloudy,20.5,0.45
2017-11-02,2017-11-02T07:15:56,2017-11-02T17:35:03,Partially cloudy,43.6,0.48
2017-11-03,2017-11-03T07:17:10,2017-11-03T17:33:50,Partially cloudy,42.9,0.5
2017-11-04,2017-11-04T07:18:23,2017-11-04T17:32:39,Clear,0,0.5
2017-11-05,2017-11-05T06:19:37,2017-11-05T16:31:29,"Rain, Partially cloudy",61.8,0.52
2017-11-06,2017-11-06T06:20:50,2017-11-06T16:30:21,"Rain, Partially cloudy",89,0.54
2017-11-07,2017-11-07T06:22:04,2017-11-07T16:29:15,"Rain, Partially cloudy",68.1,0.57
2017-11-08,2017-11-08T06:23:18,2017-11-08T16:28:10,"Rain, Overcast",93,0.62
2017-11-09,2017-11-09T06:24:32,2017-11-09T16:27:07,Partially cloudy,41.4,0.68
2017-11-10,2017-11-10T06:25:46,2017-11-10T16:26:05,Rain,18.8,0.73
2017-11-11,2017-11-11T06:27:00,2017-11-11T16:25:06,Clear,2.7,0.79
2017-11-12,2017-11-12T06:28:13,2017-11-12T16:24:08,"Rain, Partially cloudy",42.9,0.84
2017-11-13,2017-11-13T06:29:27,2017-11-13T16:23:12,"Rain, Partially cloudy",85.4,0.89
2017-11-14,2017-11-14T06:30:40,2017-11-14T16:22:18,"Rain, Partially cloudy",89.9,0.93
2017-11-15,2017-11-15T06:31:54,2017-11-15T16:21:26,Partially cloudy,47.1,0.96
2017-11-16,2017-11-16T06:33:07,2017-11-16T16:20:35,"Rain, Partially cloudy",66.8,0.99
2017-11-17,2017-11-17T06:34:19,2017-11-17T16:19:47,Rain,13.5,1
2017-11-18,2017-11-18T06:35:32,2017-11-18T16:19:01,"Rain, Partially cloudy",25.3,0
2017-11-19,2017-11-19T06:36:44,2017-11-19T16:18:17,"Rain, Partially cloudy",49.7,0
2017-11-20,2017-11-20T06:37:55,2017-11-20T16:17:35,Partially cloudy,37.1,0.02
2017-11-21,2017-11-21T06:39:06,2017-11-21T16:16:55,Clear,2.9,0.04
2017-11-22,2017-11-22T06:40:17,2017-11-22T16:16:17,"Rain, Partially cloudy",73.7,0.07
2017-11-23,2017-11-23T06:41:27,2017-11-23T16:15:41,Clear,6.5,0.11
2017-11-24,2017-11-24T06:42:36,2017-11-24T16:15:08,Clear,4,0.14
2017-11-25,2017-11-25T06:43:45,2017-11-25T16:14:36,Clear,10.9,0.19
2017-11-26,2017-11-26T06:44:53,2017-11-26T16:14:07,Partially cloudy,37.1,0.24
2017-11-27,2017-11-27T06:46:00,2017-11-27T16:13:40,Partially cloudy,40.6,0.29
2017-11-28,2017-11-28T06:47:06,2017-11-28T16:13:16,Clear,4.6,0.34
2017-11-29,2017-11-29T06:48:12,2017-11-29T16:12:54,Partially cloudy,26.6,0.39
2017-11-30,2017-11-30T06:49:16,2017-11-30T16:12:34,Partially cloudy,25.7,0.43
2017-12-01,2017-12-01T06:50:19,2017-12-01T16:12:16,"Rain, Partially cloudy",50.1,0.47
2017-12-02,2017-12-02T06:51:22,2017-12-02T16:12:01,Partially cloudy,58.5,0.49
2017-12-03,2017-12-03T06:52:23,2017-12-03T16:11:48,Partially cloudy,53.2,0.5
2017-12-04,2017-12-04T06:53:23,2017-12-04T16:11:38,Partially cloudy,25.4,0.51
2017-12-05,2017-12-05T06:54:21,2017-12-05T16:11:29,"Rain, Partially cloudy",62.2,0.53
2017-12-06,2017-12-06T06:55:19,2017-12-06T16:11:24,"Rain, Partially cloudy",49.4,0.56
2017-12-07,2017-12-07T06:56:14,2017-12-07T16:11:20,Clear,1.5,0.61
2017-12-08,2017-12-08T06:57:09,2017-12-08T16:11:19,Partially cloudy,28.9,0.66
2017-12-09,2017-12-09T06:58:02,2017-12-09T16:11:21,"Rain, Overcast",92.4,0.71
2017-12-10,2017-12-10T06:58:54,2017-12-10T16:11:24,"Rain, Partially cloudy",41.4,0.76
2017-12-11,2017-12-11T06:59:43,2017-12-11T16:11:30,Partially cloudy,48.8,0.82
2017-12-12,2017-12-12T07:00:32,2017-12-12T16:11:39,"Rain, Partially cloudy",79.9,0.86
2017-12-13,2017-12-13T07:01:18,2017-12-13T16:11:50,Partially cloudy,26.4,0.91
2017-12-14,2017-12-14T07:02:03,2017-12-14T16:12:03,"Snow, Partially cloudy",49.2,0.94
2017-12-15,2017-12-15T07:02:46,2017-12-15T16:12:19,"Snow, Partially cloudy",41.4,0.97
2017-12-16,2017-12-16T07:03:27,2017-12-16T16:12:36,"Snow, Partially cloudy",42.2,0.99
2017-12-17,2017-12-17T07:04:06,2017-12-17T16:12:57,Clear,0,1
2017-12-18,2017-12-18T07:04:43,2017-12-18T16:13:19,"Snow, Partially cloudy",81.7,0
2017-12-19,2017-12-19T07:05:19,2017-12-19T16:13:44,Partially cloudy,58.1,0.01
2017-12-20,2017-12-20T07:05:52,2017-12-20T16:14:11,"Rain, Partially cloudy",34.7,0.02
2017-12-21,2017-12-21T07:06:23,2017-12-21T16:14:40,Clear,0,0.05
2017-12-22,2017-12-22T07:06:52,2017-12-22T16:15:11,"Rain, Overcast",91.8,0.08
2017-12-23,2017-12-23T07:07:19,2017-12-23T16:15:44,"Rain, Partially cloudy",86.3,0.11
2017-12-24,2017-12-24T07:07:44,2017-12-24T16:16:20,Partially cloudy,29,0.16
2017-12-25,2017-12-25T07:08:07,2017-12-25T16:16:57,"Rain, Partially cloudy",60.8,0.21
2017-12-26,2017-12-26T07:08:27,2017-12-26T16:17:37,Clear,2.4,0.26
2017-12-27,2017-12-27T07:08:45,2017-12-27T16:18:18,Clear,0,0.31
2017-12-28,2017-12-28T07:09:01,2017-12-28T16:19:02,Clear,0,0.36
2017-12-29,2017-12-29T07:09:15,2017-12-29T16:19:47,Partially cloudy,35.3,0.41
2017-12-30,2017-12-30T07:09:26,2017-12-30T16:20:34,"Snow, Partially cloudy",49.1,0.45
2017-12-31,2017-12-31T07:09:35,2017-12-31T16:21:23,Clear,1.3,0.48
2018-06-01,2018-06-01T05:10:00,2018-06-01T20:10:37,"Rain, Partially cloudy",83.2,0.54
2018-06-02,2018-06-02T05:09:34,2018-06-02T20:11:21,"Rain, Partially cloudy",59.8,0.57
2018-06-03,2018-06-03T05:09:09,2018-06-03T20:12:04,Partially cloudy,44.4,0.61
2018-06-04,2018-06-04T05:08:47,2018-06-04T20:12:46,"Rain, Overcast",100,0.65
2018-06-05,2018-06-05T05:08:26,2018-06-05T20:13:26,"Rain, Overcast",90.2,0.69
2018-06-06,2018-06-06T05:08:08,2018-06-06T20:14:05,Partially cloudy,70.2,0.74
2018-06-07,2018-06-07T05:07:52,2018-06-07T20:14:43,Partially cloudy,35.1,0.79
2018-06-08,2018-06-08T05:07:38,2018-06-08T20:15:19,"Rain, Partially cloudy",40.7,0.84
2018-06-09,2018-06-09T05:07:26,2018-06-09T20:15:53,Clear,9.5,0.89
2018-06-10,2018-06-10T05:07:16,2018-06-10T20:16:26,Clear,6.4,0.93
2018-06-11,2018-06-11T05:07:08,2018-06-11T20:16:57,Partially cloudy,23.6,0.97
2018-06-12,2018-06-12T05:07:02,2018-06-12T20:17:26,Clear,0,0.99
2018-06-13,2018-06-13T05:06:58,2018-06-13T20:17:54,"Rain, Partially cloudy",58,1
2018-06-14,2018-06-14T05:06:56,2018-06-14T20:18:20,Partially cloudy,54.6,0
2018-06-15,2018-06-15T05:06:56,2018-06-15T20:18:44,Partially cloudy,80.7,0.02
2018-06-16,2018-06-16T05:06:58,2018-06-16T20:19:07,Clear,17.8,0.05
2018-06-17,2018-06-17T05:07:02,2018-06-17T20:19:27,Clear,0,0.09
2018-06-18,2018-06-18T05:07:09,2018-06-18T20:19:46,Rain,6.7,0.14
2018-06-19,2018-06-19T05:07:17,2018-06-19T20:20:03,"Rain, Partially cloudy",34.4,0.2
2018-06-20,2018-06-20T05:07:27,2018-06-20T20:20:17,Clear,1.8,0.25
2018-06-21,2018-06-21T05:07:39,2018-06-21T20:20:30,Partially cloudy,27.4,0.31
2018-06-22,2018-06-22T05:07:53,2018-06-22T20:20:41,Partially cloudy,26.2,0.36
2018-06-23,2018-06-23T05:08:09,2018-06-23T20:20:50,"Rain, Partially cloudy",71.6,0.4
2018-06-24,2018-06-24T05:08:26,2018-06-24T20:20:57,"Rain, Overcast",94.5,0.44
2018-06-25,2018-06-25T05:08:46,2018-06-25T20:21:02,"Rain, Partially cloudy",63.5,0.47
2018-06-26,2018-06-26T05:09:07,2018-06-26T20:21:05,Clear,1.4,0.49
2018-06-27,2018-06-27T05:09:30,2018-06-27T20:21:05,Clear,3.4,0.5
2018-06-28,2018-06-28T05:09:55,2018-06-28T20:21:04,"Rain, Overcast",98.4,0.5
2018-06-29,2018-06-29T05:10:21,2018-06-29T20:21:01,Partially cloudy,46,0.51
2018-06-30,2018-06-30T05:10:49,2018-06-30T20:20:55,Clear,0,0.53
2018-07-01,2018-07-01T05:11:19,2018-07-01T20:20:47,Clear,0.4,0.55
2018-07-02,2018-07-02T05:11:50,2018-07-02T20:20:38,Clear,4.4,0.58
2018-07-03,2018-07-03T05:12:23,2018-07-03T20:20:26,Clear,18.9,0.62
2018-07-04,2018-07-04T05:12:57,2018-07-04T20:20:12,Partially cloudy,20.1,0.66
2018-07-05,2018-07-05T05:13:33,2018-07-05T20:19:56,Partially cloudy,23.3,0.71
2018-07-06,2018-07-06T05:14:10,2018-07-06T20:19:38,"Rain, Partially cloudy",75.4,0.76
2018-07-07,2018-07-07T05:14:49,2018-07-07T20:19:18,Clear,1.8,0.82
2018-07-08,2018-07-08T05:15:29,2018-07-08T20:18:55,Clear,0,0.87
2018-07-09,2018-07-09T05:16:10,2018-07-09T20:18:31,Clear,0.6,0.91
2018-07-10,2018-07-10T05:16:52,2018-07-10T20:18:04,Clear,2.7,0.95
2018-07-11,2018-07-11T05:17:36,2018-07-11T20:17:36,"Rain, Partially cloudy",52.2,0.98
2018-07-12,2018-07-12T05:18:21,2018-07-12T20:17:05,Clear,2,1
2018-07-13,2018-07-13T05:19:07,2018-07-13T20:16:33,Partially cloudy,23.4,0
2018-07-14,2018-07-14T05:19:54,2018-07-14T20:15:58,Partially cloudy,44.1,0.01
2018-07-15,2018-07-15T05:20:42,2018-07-15T20:15:22,"Rain, Partially cloudy",45.9,0.04
2018-07-16,2018-07-16T05:21:31,2018-07-16T20:14:43,Clear,16.9,0.08
2018-07-17,2018-07-17T05:22:21,2018-07-17T20:14:02,"Rain, Partially cloudy",66.2,0.13
2018-07-18,2018-07-18T05:23:12,2018-07-18T20:13:20,"Rain, Partially cloudy",44.7,0.18
2018-07-19,2018-07-19T05:24:03,2018-07-19T20:12:36,Clear,0,0.23
2018-07-20,2018-07-20T05:24:56,2018-07-20T20:11:49,Clear,5.6,0.28
2018-07-21,2018-07-21T05:25:49,2018-07-21T20:11:01,Partially cloudy,25.1,0.34
2018-07-22,2018-07-22T05:26:43,2018-07-22T20:10:11,"Rain, Overcast",93.8,0.38
2018-07-23,2018-07-23T05:27:38,2018-07-23T20:09:19,"Rain, Partially cloudy",70.4,0.42
2018-07-24,2018-07-24T05:28:33,2018-07-24T20:08:26,Partially cloudy,74.1,0.45
2018-07-25,2018-07-25T05:29:29,2018-07-25T20:07:30,"Rain, Overcast",92.5,0.48
2018-07-26,2018-07-26T05:30:26,2018-07-26T20:06:33,"Rain, Partially cloudy",84.6,0.49
2018-07-27,2018-07-27T05:31:23,2018-07-27T20:05:34,Partially cloudy,58.3,0.5
2018-07-28,2018-07-28T05:32:21,2018-07-28T20:04:34,"Rain, Partially cloudy",56.7,0.5
2018-07-29,2018-07-29T05:33:19,2018-07-29T20:03:32,Partially cloudy,31,0.52
2018-07-30,2018-07-30T05:34:17,2018-07-30T20:02:28,Clear,5.2,0.53
2018-07-31,2018-07-31T05:35:16,2018-07-31T20:01:22,Partially cloudy,22,0.56
2018-08-01,2018-08-01T05:36:15,2018-08-01T20:00:16,"Rain, Partially cloudy",69.3,0.6
2018-08-02,2018-08-02T05:37:15,2018-08-02T19:59:07,Partially cloudy,59.2,0.64
2018-08-03,2018-08-03T05:38:15,2018-08-03T19:57:57,Partially cloudy,61,0.69
2018-08-04,2018-08-04T05:39:15,2018-08-04T19:56:46,"Rain, Partially cloudy",81.8,0.74
2018-08-05,2018-08-05T05:40:16,2018-08-05T19:55:33,Partially cloudy,25.3,0.79
2018-08-06,2018-08-06T05:41:16,2018-08-06T19:54:18,Clear,0,0.85
2018-08-07,2018-08-07T05:42:17,2018-08-07T19:53:03,Clear,7.3,0.9
2018-08-08,2018-08-08T05:43:18,2018-08-08T19:51:46,Partially cloudy,61.7,0.94
2018-08-09,2018-08-09T05:44:20,2018-08-09T19:50:27,"Rain, Partially cloudy",50.6,0.98
2018-08-10,2018-08-10T05:45:21,2018-08-10T19:49:08,Clear,16.4,1
2018-08-11,2018-08-11T05:46:22,2018-08-11T19:47:47,"Rain, Partially cloudy",87.3,0
2018-08-12,2018-08-12T05:47:24,2018-08-12T19:46:25,"Rain, Partially cloudy",84.2,0.01
2018-08-13,2018-08-13T05:48:26,2018-08-13T19:45:02,"Rain, Partially cloudy",88.2,0.03
2018-08-14,2018-08-14T05:49:27,2018-08-14T19:43:38,"Rain, Partially cloudy",54.2,0.07
2018-08-15,2018-08-15T05:50:29,2018-08-15T19:42:12,"Rain, Partially cloudy",28.5,0.11
2018-08-16,2018-08-16T05:51:31,2018-08-16T19:40:46,Clear,9.8,0.16
2018-08-17,2018-08-17T05:52:33,2018-08-17T19:39:18,Clear,15.6,0.21
2018-08-18,2018-08-18T05:53:35,2018-08-18T19:37:49,"Rain, Partially cloudy",64.4,0.26
2018-08-19,2018-08-19T05:54:37,2018-08-19T19:36:20,"Rain, Overcast",100,0.31
2018-08-20,2018-08-20T05:55:39,2018-08-20T19:34:49,"Rain, Overcast",98.8,0.35
2018-08-21,2018-08-21T05:56:41,2018-08-21T19:33:18,Overcast,97.6,0.4
2018-08-22,2018-08-22T05:57:42,2018-08-22T19:31:46,"Rain, Partially cloudy",75.4,0.43
2018-08-23,2018-08-23T05:58:44,2018-08-23T19:30:13,Partially cloudy,22.3,0.46
2018-08-24,2018-08-24T05:59:46,2018-08-24T19:28:39,Clear,0,0.48
2018-08-25,2018-08-25T06:00:48,2018-08-25T19:27:04,Clear,4.2,0.5
2018-08-26,2018-08-26T06:01:50,2018-08-26T19:25:28,Clear,10.8,0.5
2018-08-27,2018-08-27T06:02:52,2018-08-27T19:23:52,Clear,17,0.51
2018-08-28,2018-08-28T06:03:53,2018-08-28T19:22:15,Clear,0,0.52
2018-08-29,2018-08-29T06:04:55,2018-08-29T19:20:38,Clear,2.4,0.54
2018-08-30,2018-08-30T06:05:57,2018-08-30T19:18:59,Partially cloudy,32,0.58
2018-08-31,2018-08-31T06:06:58,2018-08-31T19:17:21,Partially cloudy,40.1,0.62
2018-09-01,2018-09-01T06:08:00,2018-09-01T19:15:41,Clear,7.6,0.67
2018-09-02,2018-09-02T06:09:01,2018-09-02T19:14:01,Clear,7.7,0.72
2018-09-03,2018-09-03T06:10:03,2018-09-03T19:12:21,Partially cloudy,47.3,0.78
2018-09-04,2018-09-04T06:11:04,2018-09-04T19:10:40,Clear,14.4,0.83
2018-09-05,2018-09-05T06:12:06,2018-09-05T19:08:59,Clear,16.8,0.88
2018-09-06,2018-09-06T06:13:07,2018-09-06T19:07:17,"Rain, Partially cloudy",55.3,0.93
2018-09-07,2018-09-07T06:14:09,2018-09-07T19:05:35,"Rain, Partially cloudy",79.2,0.97
2018-09-08,2018-09-08T06:15:10,2018-09-08T19:03:52,Partially cloudy,38.8,0.99
2018-09-09,2018-09-09T06:16:11,2018-09-09T19:02:09,Partially cloudy,32.3,1
2018-09-10,2018-09-10T06:17:13,2018-09-10T19:00:26,"Rain, Partially cloudy",65,0
2018-09-11,2018-09-11T06:18:14,2018-09-11T18:58:43,"Rain, Overcast",91.3,0.02
2018-09-12,2018-09-12T06:19:16,2018-09-12T18:56:59,"Rain, Partially cloudy",85.1,0.05
2018-09-13,2018-09-13T06:20:17,2018-09-13T18:55:15,"Rain, Overcast",92.1,0.09
2018-09-14,2018-09-14T06:21:19,2018-09-14T18:53:31,Partially cloudy,50.8,0.13
2018-09-15,2018-09-15T06:22:21,2018-09-15T18:51:47,Partially cloudy,36.5,0.18
2018-09-16,2018-09-16T06:23:22,2018-09-16T18:50:02,Partially cloudy,35.4,0.23
2018-09-17,2018-09-17T06:24:24,2018-09-17T18:48:18,Partially cloudy,26.1,0.28
2018-09-18,2018-09-18T06:25:26,2018-09-18T18:46:33,"Rain, Partially cloudy",87.1,0.32
2018-09-19,2018-09-19T06:26:28,2018-09-19T18:44:49,"Rain, Partially cloudy",86.5,0.37
2018-09-20,2018-09-20T06:27:30,2018-09-20T18:43:04,"Rain, Partially cloudy",86.9,0.41
2018-09-21,2018-09-21T06:28:32,2018-09-21T18:41:20,Partially cloudy,38.3,0.44
2018-09-22,2018-09-22T06:29:34,2018-09-22T18:39:35,Partially cloudy,26.4,0.47
2018-09-23,2018-09-23T06:30:37,2018-09-23T18:37:51,Clear,2.2,0.49
2018-09-24,2018-09-24T06:31:39,2018-09-24T18:36:06,Partially cloudy,53.8,0.5
2018-09-25,2018-09-25T06:32:42,2018-09-25T18:34:22,"Rain, Partially cloudy",59.4,0.5
2018-09-26,2018-09-26T06:33:45,2018-09-26T18:32:38,"Rain, Overcast",99.9,0.52
2018-09-27,2018-09-27T06:34:48,2018-09-27T18:30:54,"Rain, Partially cloudy",54.4,0.53
2018-09-28,2018-09-28T06:35:51,2018-09-28T18:29:11,"Rain, Partially cloudy",88.6,0.56
2018-09-29,2018-09-29T06:36:55,2018-09-29T18:27:27,Partially cloudy,34,0.6
2018-09-30,2018-09-30T06:37:58,2018-09-30T18:25:44,Clear,8.2,0.65
2018-10-01,2018-10-01T06:39:02,2018-10-01T18:24:02,"Rain, Partially cloudy",65.8,0.7
2018-10-02,2018-10-02T06:40:06,2018-10-02T18:22:19,"Rain, Partially cloudy",89.9,0.76
2018-10-03,2018-10-03T06:41:11,2018-10-03T18:20:37,"Rain, Overcast",94.6,0.82
2018-10-04,2018-10-04T06:42:15,2018-10-04T18:18:56,Partially cloudy,88.2,0.87
2018-10-05,2018-10-05T06:43:20,2018-10-05T18:17:14,Partially cloudy,42.3,0.92
2018-10-06,2018-10-06T06:44:25,2018-10-06T18:15:34,Partially cloudy,26.4,0.96
2018-10-07,2018-10-07T06:45:31,2018-10-07T18:13:54,"Rain, Overcast",99.5,0.99
2018-10-08,2018-10-08T06:46:36,2018-10-08T18:12:14,"Rain, Overcast",99.9,1
2018-10-09,2018-10-09T06:47:42,2018-10-09T18:10:35,Partially cloudy,74.9,0
2018-10-10,2018-10-10T06:48:49,2018-10-10T18:08:57,Partially cloudy,43.9,0.01
2018-10-11,2018-10-11T06:49:55,2018-10-11T18:07:19,"Rain, Overcast",93.8,0.03
2018-10-12,2018-10-12T06:51:02,2018-10-12T18:05:42,"Rain, Partially cloudy",71.1,0.06
2018-10-13,2018-10-13T06:52:09,2018-10-13T18:04:05,"Rain, Partially cloudy",47.4,0.1
2018-10-14,2018-10-14T06:53:17,2018-10-14T18:02:30,Clear,0,0.14
2018-10-15,2018-10-15T06:54:25,2018-10-15T18:00:55,"Rain, Partially cloudy",70.2,0.19
2018-10-16,2018-10-16T06:55:33,2018-10-16T17:59:21,Rain,18.6,0.24
2018-10-17,2018-10-17T06:56:41,2018-10-17T17:57:48,Clear,15.9,0.28
2018-10-18,2018-10-18T06:57:50,2018-10-18T17:56:15,Clear,3.4,0.33
2018-10-19,2018-10-19T06:58:59,2018-10-19T17:54:44,Clear,0.4,0.37
2018-10-20,2018-10-20T07:00:09,2018-10-20T17:53:13,"Rain, Partially cloudy",63.8,0.41
2018-10-21,2018-10-21T07:01:18,2018-10-21T17:51:44,"Rain, Partially cloudy",55.4,0.45
2018-10-22,2018-10-22T07:02:28,2018-10-22T17:50:15,Partially cloudy,35.7,0.47
2018-10-23,2018-10-23T07:03:39,2018-10-23T17:48:48,"Rain, Partially cloudy",87.5,0.49
2018-10-24,2018-10-24T07:04:50,2018-10-24T17:47:22,"Rain, Partially cloudy",64.8,0.5
2018-10-25,2018-10-25T07:06:01,2018-10-25T17:45:57,Clear,16.8,0.51
2018-10-26,2018-10-26T07:07:12,2018-10-26T17:44:33,Clear,15.7,0.52
2018-10-27,2018-10-27T07:08:24,2018-10-27T17:43:10,"Rain, Partially cloudy",85.6,0.55
2018-10-28,2018-10-28T07:09:36,2018-10-28T17:41:49,"Rain, Partially cloudy",90,0.59
2018-10-29,2018-10-29T07:10:48,2018-10-29T17:40:28,"Rain, Partially cloudy",67.7,0.63
2018-10-30,2018-10-30T07:12:00,2018-10-30T17:39:10,Partially cloudy,44.3,0.69
2018-10-31,2018-10-31T07:13:13,2018-10-31T17:37:52,Partially cloudy,22.8,0.74
2018-11-01,2018-11-01T07:14:26,2018-11-01T17:36:36,Partially cloudy,74.7,0.8
2018-11-02,2018-11-02T07:15:39,2018-11-02T17:35:21,"Rain, Overcast",98.6,0.86
2018-11-03,2018-11-03T07:16:52,2018-11-03T17:34:08,"Rain, Partially cloudy",65.2,0.9
2018-11-04,2018-11-04T06:18:06,2018-11-04T16:32:56,Clear,0,0.94
2018-11-05,2018-11-05T06:19:19,2018-11-05T16:31:46,"Rain, Partially cloudy",63.7,0.98
2018-11-06,2018-11-06T06:20:33,2018-11-06T16:30:38,"Rain, Overcast",96.9,1
2018-11-07,2018-11-07T06:21:47,2018-11-07T16:29:31,Clear,14,1
2018-11-08,2018-11-08T06:23:00,2018-11-08T16:28:26,Clear,0,0
2018-11-09,2018-11-09T06:24:14,2018-11-09T16:27:22,"Rain, Partially cloudy",56.6,0.02
2018-11-10,2018-11-10T06:25:28,2018-11-10T16:26:20,"Rain, Partially cloudy",63.7,0.04
2018-11-11,2018-11-11T06:26:42,2018-11-11T16:25:20,Clear,0,0.07
2018-11-12,2018-11-12T06:27:56,2018-11-12T16:24:22,Clear,3.7,0.11
2018-11-13,2018-11-13T06:29:09,2018-11-13T16:23:25,"Rain, Overcast",97.2,0.15
2018-11-14,2018-11-14T06:30:23,2018-11-14T16:22:31,Clear,15.2,0.2
2018-11-15,2018-11-15T06:31:36,2018-11-15T16:21:38,"Snow, Rain, Partially cloudy",37.2,0.25
2018-11-16,2018-11-16T06:32:49,2018-11-16T16:20:48,"Rain, Partially cloudy",74,0.29
2018-11-17,2018-11-17T06:34:02,2018-11-17T16:19:59,Partially cloudy,47.1,0.34
2018-11-18,2018-11-18T06:35:14,2018-11-18T16:19:12,Partially cloudy,52.2,0.38
2018-11-19,2018-11-19T06:36:27,2018-11-19T16:18:28,Overcast,97.6,0.42
2018-11-20,2018-11-20T06:37:38,2018-11-20T16:17:45,"Rain, Overcast",92.4,0.46
2018-11-21,2018-11-21T06:38:49,2018-11-21T16:17:04,Partially cloudy,35.9,0.48
2018-11-22,2018-11-22T06:40:00,2018-11-22T16:16:26,Clear,11.9,0.5
2018-11-23,2018-11-23T06:41:10,2018-11-23T16:15:50,Clear,11.5,0.5
2018-11-24,2018-11-24T06:42:20,2018-11-24T16:15:16,Clear,13.9,0.52
2018-11-25,2018-11-25T06:43:29,2018-11-25T16:14:44,"Rain, Overcast",98.3,0.53
2018-11-26,2018-11-26T06:44:37,2018-11-26T16:14:14,"Rain, Overcast",91.2,0.57
2018-11-27,2018-11-27T06:45:44,2018-11-27T16:13:47,"Rain, Partially cloudy",75.5,0.62
2018-11-28,2018-11-28T06:46:51,2018-11-28T16:13:22,"Rain, Partially cloudy",50,0.67
2018-11-29,2018-11-29T06:47:56,2018-11-29T16:12:59,Partially cloudy,23.9,0.73
2018-11-30,2018-11-30T06:49:01,2018-11-30T16:12:39,Partially cloudy,53.5,0.78
2018-12-01,2018-12-01T06:50:04,2018-12-01T16:12:20,Partially cloudy,52,0.84
2018-12-02,2018-12-02T06:51:07,2018-12-02T16:12:05,"Rain, Overcast",92.9,0.89
2018-12-03,2018-12-03T06:52:08,2018-12-03T16:11:51,"Rain, Partially cloudy",64.9,0.93
2018-12-04,2018-12-04T06:53:09,2018-12-04T16:11:40,Partially cloudy,30.2,0.96
2018-12-05,2018-12-05T06:54:07,2018-12-05T16:11:31,Partially cloudy,22.1,0.99
2018-12-06,2018-12-06T06:55:05,2018-12-06T16:11:25,Partially cloudy,30.7,1
2018-12-07,2018-12-07T06:56:01,2018-12-07T16:11:21,Partially cloudy,25.3,0
2018-12-08,2018-12-08T06:56:56,2018-12-08T16:11:19,Clear,0,0.01
2018-12-09,2018-12-09T06:57:50,2018-12-09T16:11:20,Clear,0,0.02
2018-12-10,2018-12-10T06:58:42,2018-12-10T16:11:23,Partially cloudy,22.6,0.05
2018-12-11,2018-12-11T06:59:32,2018-12-11T16:11:29,Partially cloudy,28.3,0.08
2018-12-12,2018-12-12T07:00:21,2018-12-12T16:11:37,Partially cloudy,40.4,0.12
2018-12-13,2018-12-13T07:01:07,2018-12-13T16:11:47,Partially cloudy,39.7,0.16
2018-12-14,2018-12-14T07:01:53,2018-12-14T16:12:00,Partially cloudy,30.5,0.2
2018-12-15,2018-12-15T07:02:36,2018-12-15T16:12:15,"Rain, Partially cloudy",62.3,0.25
2018-12-16,2018-12-16T07:03:18,2018-12-16T16:12:32,"Rain, Partially cloudy",76.3,0.3
2018-12-17,2018-12-17T07:03:57,2018-12-17T16:12:52,"Rain, Partially cloudy",85.4,0.35
2018-12-18,2018-12-18T07:04:35,2018-12-18T16:13:14,"Rain, Partially cloudy",31.7,0.39
2018-12-19,2018-12-19T07:05:11,2018-12-19T16:13:38,Clear,0,0.43
2018-12-20,2018-12-20T07:05:45,2018-12-20T16:14:04,Clear,9.5,0.47
2018-12-21,2018-12-21T07:06:16,2018-12-21T16:14:33,"Rain, Overcast",95.1,0.49
2018-12-22,2018-12-22T07:06:46,2018-12-22T16:15:03,"Rain, Partially cloudy",68.8,0.5
2018-12-23,2018-12-23T07:07:13,2018-12-23T16:15:36,Clear,0.8,0.51
2018-12-24,2018-12-24T07:07:39,2018-12-24T16:16:11,"Snow, Rain, Partially cloudy",81.9,0.53
2018-12-25,2018-12-25T07:08:02,2018-12-25T16:16:48,Clear,4.3,0.55
2018-12-26,2018-12-26T07:08:23,2018-12-26T16:17:27,Partially cloudy,26.7,0.6
2018-12-27,2018-12-27T07:08:41,2018-12-27T16:18:08,Partially cloudy,21,0.65
2018-12-28,2018-12-28T07:08:58,2018-12-28T16:18:51,"Rain, Overcast",93.8,0.7
2018-12-29,2018-12-29T07:09:12,2018-12-29T16:19:36,Partially cloudy,41.5,0.76
2018-12-30,2018-12-30T07:09:24,2018-12-30T16:20:23,Partially cloudy,23.9,0.81
2018-12-31,2018-12-31T07:09:34,2018-12-31T16:21:11,"Rain, Partially cloudy",26.1,0.86
2019-08-01,2019-08-01T05:36:02,2019-08-01T20:00:33,Partially cloudy,23.2,0
2019-08-02,2019-08-02T05:37:01,2019-08-02T19:59:25,Clear,0.6,0.01
2019-08-03,2019-08-03T05:38:01,2019-08-03T19:58:15,Clear,12.4,0.04
2019-08-04,2019-08-04T05:39:01,2019-08-04T19:57:04,"Rain, Partially cloudy",38.7,0.08
2019-08-05,2019-08-05T05:40:02,2019-08-05T19:55:51,Clear,1.9,0.13
2019-08-06,2019-08-06T05:41:02,2019-08-06T19:54:37,"Rain, Partially cloudy",52.9,0.18
2019-08-07,2019-08-07T05:42:03,2019-08-07T19:53:22,Partially cloudy,67.7,0.24
2019-08-08,2019-08-08T05:43:04,2019-08-08T19:52:05,"Rain, Partially cloudy",34.7,0.29
2019-08-09,2019-08-09T05:44:05,2019-08-09T19:50:47,Rain,15.6,0.34
2019-08-10,2019-08-10T05:45:07,2019-08-10T19:49:28,"Rain, Partially cloudy",31.8,0.39
2019-08-11,2019-08-11T05:46:08,2019-08-11T19:48:08,Clear,10.3,0.43
2019-08-12,2019-08-12T05:47:10,2019-08-12T19:46:46,Clear,1,0.46
2019-08-13,2019-08-13T05:48:11,2019-08-13T19:45:23,"Rain, Partially cloudy",58.6,0.48
2019-08-14,2019-08-14T05:49:13,2019-08-14T19:43:59,Partially cloudy,81.7,0.5
2019-08-15,2019-08-15T05:50:15,2019-08-15T19:42:34,Partially cloudy,44.8,0.5
2019-08-16,2019-08-16T05:51:17,2019-08-16T19:41:07,Partially cloudy,46.1,0.51
2019-08-17,2019-08-17T05:52:19,2019-08-17T19:39:40,Partially cloudy,79.8,0.52
2019-08-18,2019-08-18T05:53:20,2019-08-18T19:38:12,Partially cloudy,62.1,0.54
2019-08-19,2019-08-19T05:54:22,2019-08-19T19:36:42,"Rain, Partially cloudy",39.7,0.57
2019-08-20,2019-08-20T05:55:24,2019-08-20T19:35:12,Clear,3.7,0.61
2019-08-21,2019-08-21T05:56:26,2019-08-21T19:33:41,"Rain, Partially cloudy",34.2,0.65
2019-08-22,2019-08-22T05:57:28,2019-08-22T19:32:09,"Rain, Partially cloudy",46.2,0.7
2019-08-23,2019-08-23T05:58:30,2019-08-23T19:30:36,"Rain, Partially cloudy",38.5,0.75
2019-08-24,2019-08-24T05:59:32,2019-08-24T19:29:02,Clear,9,0.8
2019-08-25,2019-08-25T06:00:34,2019-08-25T19:27:28,"Rain, Partially cloudy",58.6,0.85
2019-08-26,2019-08-26T06:01:35,2019-08-26T19:25:52,Partially cloudy,36.6,0.9
2019-08-27,2019-08-27T06:02:37,2019-08-27T19:24:16,Clear,6.9,0.94
2019-08-28,2019-08-28T06:03:39,2019-08-28T19:22:39,"Rain, Partially cloudy",62.4,0.98
2019-08-29,2019-08-29T06:04:40,2019-08-29T19:21:02,"Rain, Partially cloudy",47.1,1
2019-08-30,2019-08-30T06:05:42,2019-08-30T19:19:24,Clear,0.4,0
2019-08-31,2019-08-31T06:06:44,2019-08-31T19:17:45,Partially cloudy,21.7,0.01
2019-09-01,2019-09-01T06:07:45,2019-09-01T19:16:06,Clear,5,0.03
2019-09-02,2019-09-02T06:08:47,2019-09-02T19:14:26,"Rain, Partially cloudy",30.9,0.07
2019-09-03,2019-09-03T06:09:48,2019-09-03T19:12:46,Partially cloudy,23,0.11
2019-09-04,2019-09-04T06:10:50,2019-09-04T19:11:05,Partially cloudy,61.4,0.16
2019-09-05,2019-09-05T06:11:51,2019-09-05T19:09:24,Clear,1.1,0.22
2019-09-06,2019-09-06T06:12:53,2019-09-06T19:07:42,"Rain, Partially cloudy",38.4,0.27
2019-09-07,2019-09-07T06:13:54,2019-09-07T19:06:00,"Rain, Partially cloudy",71.2,0.32
2019-09-08,2019-09-08T06:14:56,2019-09-08T19:04:18,Clear,16.2,0.37
2019-09-09,2019-09-09T06:15:57,2019-09-09T19:02:35,Partially cloudy,33.8,0.41
2019-09-10,2019-09-10T06:16:59,2019-09-10T19:00:52,Partially cloudy,50.8,0.44
2019-09-11,2019-09-11T06:18:00,2019-09-11T18:59:08,Partially cloudy,23,0.47
2019-09-12,2019-09-12T06:19:02,2019-09-12T18:57:25,"Rain, Partially cloudy",60.5,0.49
2019-09-13,2019-09-13T06:20:03,2019-09-13T18:55:41,Clear,5.8,0.5
2019-09-14,2019-09-14T06:21:05,2019-09-14T18:53:57,"Rain, Partially cloudy",47.3,0.5
2019-09-15,2019-09-15T06:22:06,2019-09-15T18:52:13,"Rain, Partially cloudy",32,0.51
2019-09-16,2019-09-16T06:23:08,2019-09-16T18:50:28,Partially cloudy,29.7,0.53
2019-09-17,2019-09-17T06:24:10,2019-09-17T18:48:44,Partially cloudy,20.9,0.55
2019-09-18,2019-09-18T06:25:12,2019-09-18T18:46:59,Partially cloudy,63.6,0.59
2019-09-19,2019-09-19T06:26:13,2019-09-19T18:45:15,Clear,8.9,0.63
2019-09-20,2019-09-20T06:27:15,2019-09-20T18:43:30,Clear,1.1,0.67
2019-09-21,2019-09-21T06:28:18,2019-09-21T18:41:46,Clear,0,0.72
2019-09-22,2019-09-22T06:29:20,2019-09-22T18:40:01,Clear,11.2,0.78
2019-09-23,2019-09-23T06:30:22,2019-09-23T18:38:17,Clear,11.5,0.83
2019-09-24,2019-09-24T06:31:25,2019-09-24T18:36:32,"Rain, Partially cloudy",32.1,0.88
2019-09-25,2019-09-25T06:32:27,2019-09-25T18:34:48,Clear,10.5,0.93
2019-09-26,2019-09-26T06:33:30,2019-09-26T18:33:04,"Rain, Partially cloudy",32.8,0.97
2019-09-27,2019-09-27T06:34:33,2019-09-27T18:31:20,Clear,1.5,0.99
2019-09-28,2019-09-28T06:35:37,2019-09-28T18:29:36,Clear,5.2,1
2019-09-29,2019-09-29T06:36:40,2019-09-29T18:27:53,Partially cloudy,41.5,0
2019-09-30,2019-09-30T06:37:44,2019-09-30T18:26:10,Partially cloudy,34,0.02
2019-10-01,2019-10-01T06:38:47,2019-10-01T18:24:27,"Rain, Partially cloudy",83.7,0.05
2019-10-02,2019-10-02T06:39:51,2019-10-02T18:22:44,"Rain, Partially cloudy",59.3,0.09
2019-10-03,2019-10-03T06:40:56,2019-10-03T18:21:02,"Rain, Partially cloudy",85.3,0.14
2019-10-04,2019-10-04T06:42:00,2019-10-04T18:19:21,"Rain, Partially cloudy",64.7,0.19
2019-10-05,2019-10-05T06:43:05,2019-10-05T18:17:39,Clear,17.5,0.24
2019-10-06,2019-10-06T06:44:10,2019-10-06T18:15:59,Partially cloudy,51.1,0.29
2019-10-07,2019-10-07T06:45:15,2019-10-07T18:14:18,"Rain, Partially cloudy",55.6,0.34
2019-10-08,2019-10-08T06:46:21,2019-10-08T18:12:39,"Rain, Partially cloudy",42.3,0.38
2019-10-09,2019-10-09T06:47:27,2019-10-09T18:10:59,"Rain, Partially cloudy",81.7,0.42
2019-10-10,2019-10-10T06:48:33,2019-10-10T18:09:21,"Rain, Partially cloudy",85.8,0.45
2019-10-11,2019-10-11T06:49:39,2019-10-11T18:07:43,"Rain, Overcast",91.4,0.47
2019-10-12,2019-10-12T06:50:46,2019-10-12T18:06:06,"Rain, Overcast",98.4,0.49
2019-10-13,2019-10-13T06:51:53,2019-10-13T18:04:29,"Rain, Partially cloudy",29.9,0.5
2019-10-14,2019-10-14T06:53:01,2019-10-14T18:02:53,"Rain, Partially cloudy",75.2,0.5
2019-10-15,2019-10-15T06:54:09,2019-10-15T18:01:18,Clear,3.1,0.52
2019-10-16,2019-10-16T06:55:17,2019-10-16T17:59:44,"Rain, Partially cloudy",20.1,0.53
2019-10-17,2019-10-17T06:56:25,2019-10-17T17:58:10,"Rain, Partially cloudy",78.4,0.56
2019-10-18,2019-10-18T06:57:34,2019-10-18T17:56:38,Partially cloudy,30.1,0.6
2019-10-19,2019-10-19T06:58:43,2019-10-19T17:55:06,Clear,1.3,0.65
2019-10-20,2019-10-20T06:59:52,2019-10-20T17:53:36,"Rain, Partially cloudy",20.5,0.7
2019-10-21,2019-10-21T07:01:02,2019-10-21T17:52:06,"Rain, Partially cloudy",49.3,0.75
2019-10-22,2019-10-22T07:02:12,2019-10-22T17:50:37,"Rain, Partially cloudy",58.1,0.81
2019-10-23,2019-10-23T07:03:22,2019-10-23T17:49:10,"Rain, Partially cloudy",47.1,0.86
2019-10-24,2019-10-24T07:04:33,2019-10-24T17:47:43,Clear,0,0.91
2019-10-25,2019-10-25T07:05:44,2019-10-25T17:46:18,Clear,2.4,0.95
2019-10-26,2019-10-26T07:06:55,2019-10-26T17:44:53,Partially cloudy,45,0.98
2019-10-27,2019-10-27T07:08:07,2019-10-27T17:43:30,"Rain, Partially cloudy",72.7,1
2019-10-28,2019-10-28T07:09:19,2019-10-28T17:42:09,"Rain, Partially cloudy",89.6,0
2019-10-29,2019-10-29T07:10:31,2019-10-29T17:40:48,Overcast,96,0.01
2019-10-30,2019-10-30T07:11:43,2019-10-30T17:39:29,"Rain, Partially cloudy",80,0.04
2019-10-31,2019-10-31T07:12:56,2019-10-31T17:38:11,"Rain, Partially cloudy",86.6,0.07
2019-11-01,2019-11-01T07:14:09,2019-11-01T17:36:55,"Rain, Partially cloudy",32.1,0.11
2019-11-02,2019-11-02T07:15:22,2019-11-02T17:35:40,Clear,18.8,0.16
2019-11-03,2019-11-03T06:16:35,2019-11-03T16:34:26,Clear,17.5,0.2
2019-11-04,2019-11-04T06:17:48,2019-11-04T16:33:14,Clear,1.5,0.25
2019-11-05,2019-11-05T06:19:02,2019-11-05T16:32:03,"Rain, Partially cloudy",62.5,0.3
2019-11-06,2019-11-06T06:20:15,2019-11-06T16:30:55,Clear,8.2,0.35
2019-11-07,2019-11-07T06:21:29,2019-11-07T16:29:47,"Rain, Partially cloudy",56.2,0.39
2019-11-08,2019-11-08T06:22:43,2019-11-08T16:28:42,"Rain, Partially cloudy",58.3,0.43
2019-11-09,2019-11-09T06:23:57,2019-11-09T16:27:38,Clear,14.9,0.46
2019-11-10,2019-11-10T06:25:11,2019-11-10T16:26:35,Partially cloudy,42.6,0.48
2019-11-11,2019-11-11T06:26:25,2019-11-11T16:25:35,Partially cloudy,51.9,0.49
2019-11-12,2019-11-12T06:27:38,2019-11-12T16:24:36,"Snow, Partially cloudy",42.4,0.5
2019-11-13,2019-11-13T06:28:52,2019-11-13T16:23:39,Clear,2.9,0.51
2019-11-14,2019-11-14T06:30:06,2019-11-14T16:22:44,"Rain, Partially cloudy",29.8,0.52
2019-11-15,2019-11-15T06:31:19,2019-11-15T16:21:51,Clear,19.7,0.54
2019-11-16,2019-11-16T06:32:32,2019-11-16T16:21:00,Clear,4.1,0.58
2019-11-17,2019-11-17T06:33:45,2019-11-17T16:20:11,Partially cloudy,86.2,0.63
2019-11-18,2019-11-18T06:34:57,2019-11-18T16:19:24,"Rain, Overcast",98.9,0.68
2019-11-19,2019-11-19T06:36:10,2019-11-19T16:18:38,"Rain, Partially cloudy",75.7,0.73
2019-11-20,2019-11-20T06:37:21,2019-11-20T16:17:55,"Rain, Partially cloudy",86.1,0.79
2019-11-21,2019-11-21T06:38:33,2019-11-21T16:17:14,"Rain, Partially cloudy",21.1,0.85
2019-11-22,2019-11-22T06:39:44,2019-11-22T16:16:35,"Rain, Partially cloudy",46.7,0.9
2019-11-23,2019-11-23T06:40:54,2019-11-23T16:15:59,Clear,0,0.94
2019-11-24,2019-11-24T06:42:03,2019-11-24T16:15:24,"Rain, Partially cloudy",69,0.97
2019-11-25,2019-11-25T06:43:13,2019-11-25T16:14:52,Partially cloudy,28.9,1
2019-11-26,2019-11-26T06:44:21,2019-11-26T16:14:22,Clear,4.2,1
2019-11-27,2019-11-27T06:45:28,2019-11-27T16:13:54,"Rain, Partially cloudy",62.8,0
2019-11-28,2019-11-28T06:46:35,2019-11-28T16:13:28,"Rain, Partially cloudy",72.5,0.02
2019-11-29,2019-11-29T06:47:41,2019-11-29T16:13:05,Clear,18.5,0.05
2019-11-30,2019-11-30T06:48:46,2019-11-30T16:12:44,Clear,0,0.08
2019-12-01,2019-12-01T06:49:50,2019-12-01T16:12:25,"Snow, Partially cloudy",76.9,0.12
2019-12-02,2019-12-02T06:50:52,2019-12-02T16:12:09,"Snow, Overcast",94.5,0.17
2019-12-03,2019-12-03T06:51:54,2019-12-03T16:11:54,"Snow, Partially cloudy",68.1,0.21
2019-12-04,2019-12-04T06:52:55,2019-12-04T16:11:43,Partially cloudy,46.9,0.26
2019-12-05,2019-12-05T06:53:54,2019-12-05T16:11:33,Partially cloudy,38.4,0.31
2019-12-06,2019-12-06T06:54:52,2019-12-06T16:11:27,Partially cloudy,45.9,0.35
2019-12-07,2019-12-07T06:55:48,2019-12-07T16:11:22,Clear,15,0.39
2019-12-08,2019-12-08T06:56:44,2019-12-08T16:11:20,Clear,9,0.43
2019-12-09,2019-12-09T06:57:37,2019-12-09T16:11:20,"Rain, Partially cloudy",74,0.46
2019-12-10,2019-12-10T06:58:30,2019-12-10T16:11:23,"Snow, Overcast",92.7,0.48
2019-12-11,2019-12-11T06:59:20,2019-12-11T16:11:28,"Snow, Partially cloudy",48.1,0.5
2019-12-12,2019-12-12T07:00:09,2019-12-12T16:11:35,Clear,0,0.5
2019-12-13,2019-12-13T07:00:57,2019-12-13T16:11:45,"Snow, Partially cloudy",28.9,0.51
2019-12-14,2019-12-14T07:01:42,2019-12-14T16:11:57,"Rain, Partially cloudy",84.2,0.53
2019-12-15,2019-12-15T07:02:26,2019-12-15T16:12:11,Partially cloudy,49.1,0.56
2019-12-16,2019-12-16T07:03:08,2019-12-16T16:12:28,Partially cloudy,24.4,0.61
2019-12-17,2019-12-17T07:03:48,2019-12-17T16:12:47,"Snow, Overcast",91.5,0.66
2019-12-18,2019-12-18T07:04:27,2019-12-18T16:13:08,"Rain, Partially cloudy",67.4,0.71
2019-12-19,2019-12-19T07:05:03,2019-12-19T16:13:32,Clear,6.8,0.77
2019-12-20,2019-12-20T07:05:37,2019-12-20T16:13:58,Clear,6.9,0.83
2019-12-21,2019-12-21T07:06:09,2019-12-21T16:14:26,Partially cloudy,49.6,0.88
2019-12-22,2019-12-22T07:06:39,2019-12-22T16:14:56,Clear,12.4,0.93
2019-12-23,2019-12-23T07:07:07,2019-12-23T16:15:28,Clear,0,0.96
2019-12-24,2019-12-24T07:07:33,2019-12-24T16:16:03,Clear,0,0.99
2019-12-25,2019-12-25T07:07:57,2019-12-25T16:16:39,Clear,12,1
2019-12-26,2019-12-26T07:08:18,2019-12-26T16:17:18,Partially cloudy,36.4,0
2019-12-27,2019-12-27T07:08:38,2019-12-27T16:17:58,Partially cloudy,58.3,0.01
2019-12-28,2019-12-28T07:08:55,2019-12-28T16:18:41,Clear,0.6,0.03
2019-12-29,2019-12-29T07:09:09,2019-12-29T16:19:25,Rain,19.8,0.05
2019-12-30,2019-12-30T07:09:22,2019-12-30T16:20:12,"Rain, Overcast",93.8,0.09
2019-12-31,2019-12-31T07:09:32,2019-12-31T16:21:00,"Rain, Overcast",92.4,0.13
2020-06-01,2020-06-01T05:09:47,2020-06-01T20:11:01,Partially cloudy,57.7,0.38
2020-06-02,2020-06-02T05:09:22,2020-06-02T20:11:45,"Rain, Partially cloudy",31,0.43
2020-06-03,2020-06-03T05:08:58,2020-06-03T20:12:28,Partially cloudy,45.4,0.46
2020-06-04,2020-06-04T05:08:37,2020-06-04T20:13:09,Clear,7.2,0.49
2020-06-05,2020-06-05T05:08:18,2020-06-05T20:13:48,"Rain, Partially cloudy",44.5,0.5
2020-06-06,2020-06-06T05:08:00,2020-06-06T20:14:26,"Rain, Partially cloudy",69.7,0.51
2020-06-07,2020-06-07T05:07:45,2020-06-07T20:15:03,Partially cloudy,56.3,0.52
2020-06-08,2020-06-08T05:07:32,2020-06-08T20:15:38,Clear,9.3,0.54
2020-06-09,2020-06-09T05:07:21,2020-06-09T20:16:12,Partially cloudy,56,0.58
2020-06-10,2020-06-10T05:07:12,2020-06-10T20:16:44,Partially cloudy,61.2,0.63
2020-06-11,2020-06-11T05:07:05,2020-06-11T20:17:14,"Rain, Partially cloudy",75.6,0.67
2020-06-12,2020-06-12T05:07:00,2020-06-12T20:17:43,"Rain, Partially cloudy",60.5,0.72
2020-06-13,2020-06-13T05:06:58,2020-06-13T20:18:09,Partially cloudy,37.5,0.77
2020-06-14,2020-06-14T05:06:57,2020-06-14T20:18:34,Clear,11.5,0.81
2020-06-15,2020-06-15T05:06:58,2020-06-15T20:18:58,Partially cloudy,52.7,0.86
2020-06-16,2020-06-16T05:07:01,2020-06-16T20:19:19,Clear,1.6,0.9
2020-06-17,2020-06-17T05:07:06,2020-06-17T20:19:39,Clear,11.7,0.94
2020-06-18,2020-06-18T05:07:14,2020-06-18T20:19:56,Partially cloudy,36.4,0.97
2020-06-19,2020-06-19T05:07:23,2020-06-19T20:20:12,Partially cloudy,41.4,0.99
2020-06-20,2020-06-20T05:07:34,2020-06-20T20:20:26,Clear,2.5,1
2020-06-21,2020-06-21T05:07:47,2020-06-21T20:20:38,Clear,18.1,0
2020-06-22,2020-06-22T05:08:02,2020-06-22T20:20:48,Partially cloudy,62.3,0.01
2020-06-23,2020-06-23T05:08:18,2020-06-23T20:20:56,Partially cloudy,68.6,0.03
2020-06-24,2020-06-24T05:08:37,2020-06-24T20:21:01,Partially cloudy,71.5,0.06
2020-06-25,2020-06-25T05:08:57,2020-06-25T20:21:05,Clear,9.6,0.1
2020-06-26,2020-06-26T05:09:19,2020-06-26T20:21:07,Partially cloudy,36.1,0.14
2020-06-27,2020-06-27T05:09:43,2020-06-27T20:21:07,"Rain, Partially cloudy",32.9,0.2
2020-06-28,2020-06-28T05:10:09,2020-06-28T20:21:04,Partially cloudy,41.4,0.26
2020-06-29,2020-06-29T05:10:36,2020-06-29T20:21:00,"Rain, Overcast",92,0.32
2020-06-30,2020-06-30T05:11:05,2020-06-30T20:20:53,"Rain, Partially cloudy",80.3,0.37
2020-07-01,2020-07-01T05:11:36,2020-07-01T20:20:44,"Rain, Partially cloudy",70,0.42
2020-07-02,2020-07-02T05:12:08,2020-07-02T20:20:34,Partially cloudy,42,0.46
2020-07-03,2020-07-03T05:12:41,2020-07-03T20:20:21,Partially cloudy,70.8,0.48
2020-07-04,2020-07-04T05:13:16,2020-07-04T20:20:06,"Rain, Partially cloudy",74.9,0.5
2020-07-05,2020-07-05T05:13:53,2020-07-05T20:19:49,Partially cloudy,88.3,0.5
2020-07-06,2020-07-06T05:14:31,2020-07-06T20:19:29,"Rain, Partially cloudy",71.5,0.51
2020-07-07,2020-07-07T05:15:10,2020-07-07T20:19:08,Partially cloudy,47.2,0.53
2020-07-08,2020-07-08T05:15:51,2020-07-08T20:18:45,"Rain, Partially cloudy",66.3,0.56
2020-07-09,2020-07-09T05:16:33,2020-07-09T20:18:19,Partially cloudy,48.3,0.6
2020-07-10,2020-07-10T05:17:16,2020-07-10T20:17:52,"Rain, Partially cloudy",77.9,0.64
2020-07-11,2020-07-11T05:18:00,2020-07-11T20:17:22,"Rain, Partially cloudy",83.4,0.68
2020-07-12,2020-07-12T05:18:46,2020-07-12T20:16:51,Partially cloudy,40.3,0.73
2020-07-13,2020-07-13T05:19:32,2020-07-13T20:16:17,Partially cloudy,26.9,0.78
2020-07-14,2020-07-14T05:20:20,2020-07-14T20:15:41,"Rain, Partially cloudy",68.5,0.83
2020-07-15,2020-07-15T05:21:08,2020-07-15T20:15:04,"Rain, Partially cloudy",62.1,0.87
2020-07-16,2020-07-16T05:21:58,2020-07-16T20:14:24,Clear,4.7,0.91
2020-07-17,2020-07-17T05:22:48,2020-07-17T20:13:43,"Rain, Partially cloudy",71.6,0.95
2020-07-18,2020-07-18T05:23:39,2020-07-18T20:12:59,Partially cloudy,32.5,0.98
2020-07-19,2020-07-19T05:24:32,2020-07-19T20:12:14,Clear,14.4,1
2020-07-20,2020-07-20T05:25:25,2020-07-20T20:11:26,Partially cloudy,33.7,1
2020-07-21,2020-07-21T05:26:18,2020-07-21T20:10:37,Clear,9.9,0
2020-07-22,2020-07-22T05:27:13,2020-07-22T20:09:46,"Rain, Partially cloudy",46.6,0.02
2020-07-23,2020-07-23T05:28:08,2020-07-23T20:08:54,"Rain, Partially cloudy",38.3,0.05
2020-07-24,2020-07-24T05:29:04,2020-07-24T20:07:59,Clear,15.2,0.09
2020-07-25,2020-07-25T05:30:00,2020-07-25T20:07:03,Clear,12.3,0.14
2020-07-26,2020-07-26T05:30:57,2020-07-26T20:06:05,Clear,7.4,0.19
2020-07-27,2020-07-27T05:31:54,2020-07-27T20:05:05,Clear,0,0.25
2020-07-28,2020-07-28T05:32:52,2020-07-28T20:04:04,Clear,12.6,0.31
2020-07-29,2020-07-29T05:33:50,2020-07-29T20:03:01,Clear,17.3,0.36
2020-07-30,2020-07-30T05:34:49,2020-07-30T20:01:56,Partially cloudy,21.6,0.41
2020-07-31,2020-07-31T05:35:48,2020-07-31T20:00:50,"Rain, Partially cloudy",32.1,0.45
2020-08-01,2020-08-01T05:36:47,2020-08-01T19:59:42,Clear,4.8,0.47
2020-08-02,2020-08-02T05:37:47,2020-08-02T19:58:33,Partially cloudy,33.5,0.49
2020-08-03,2020-08-03T05:38:47,2020-08-03T19:57:22,Partially cloudy,21.1,0.5
2020-08-04,2020-08-04T05:39:48,2020-08-04T19:56:10,"Rain, Partially cloudy",44.5,0.51
2020-08-05,2020-08-05T05:40:48,2020-08-05T19:54:56,Clear,19.2,0.52
2020-08-06,2020-08-06T05:41:49,2020-08-06T19:53:41,Clear,16.8,0.54
2020-08-07,2020-08-07T05:42:50,2020-08-07T19:52:25,Clear,15.3,0.57
2020-08-08,2020-08-08T05:43:51,2020-08-08T19:51:07,Partially cloudy,49,0.61
2020-08-09,2020-08-09T05:44:53,2020-08-09T19:49:48,Clear,18.9,0.65
2020-08-10,2020-08-10T05:45:54,2020-08-10T19:48:28,Partially cloudy,28.3,0.7
2020-08-11,2020-08-11T05:46:56,2020-08-11T19:47:07,Partially cloudy,42.1,0.74
2020-08-12,2020-08-12T05:47:57,2020-08-12T19:45:44,"Rain, Partially cloudy",51.1,0.79
2020-08-13,2020-08-13T05:48:59,2020-08-13T19:44:20,"Rain, Partially cloudy",55.8,0.84
2020-08-14,2020-08-14T05:50:01,2020-08-14T19:42:55,Clear,3.3,0.89
2020-08-15,2020-08-15T05:51:02,2020-08-15T19:41:29,Partially cloudy,71.1,0.93
2020-08-16,2020-08-16T05:52:04,2020-08-16T19:40:02,"Rain, Partially cloudy",84.6,0.96
2020-08-17,2020-08-17T05:53:06,2020-08-17T19:38:34,"Rain, Partially cloudy",68.2,0.99
2020-08-18,2020-08-18T05:54:08,2020-08-18T19:37:05,"Rain, Partially cloudy",43.7,1
2020-08-19,2020-08-19T05:55:10,2020-08-19T19:35:35,"Rain, Partially cloudy",34.3,0
2020-08-20,2020-08-20T05:56:12,2020-08-20T19:34:04,Clear,16.3,0.01
2020-08-21,2020-08-21T05:57:14,2020-08-21T19:32:32,Clear,0.6,0.04
2020-08-22,2020-08-22T05:58:16,2020-08-22T19:30:59,Rain,12.2,0.08
2020-08-23,2020-08-23T05:59:18,2020-08-23T19:29:26,Partially cloudy,32.7,0.13
2020-08-24,2020-08-24T06:00:19,2020-08-24T19:27:51,Partially cloudy,43.2,0.18
2020-08-25,2020-08-25T06:01:21,2020-08-25T19:26:16,"Rain, Partially cloudy",48.5,0.24
2020-08-26,2020-08-26T06:02:23,2020-08-26T19:24:40,Clear,0.7,0.29
2020-08-27,2020-08-27T06:03:25,2020-08-27T19:23:04,"Rain, Partially cloudy",64.6,0.35
2020-08-28,2020-08-28T06:04:26,2020-08-28T19:21:26,Partially cloudy,54.3,0.39
2020-08-29,2020-08-29T06:05:28,2020-08-29T19:19:49,"Rain, Partially cloudy",79.5,0.43
2020-08-30,2020-08-30T06:06:30,2020-08-30T19:18:10,Partially cloudy,21.8,0.46
2020-08-31,2020-08-31T06:07:31,2020-08-31T19:16:31,Clear,8.9,0.49
2020-09-01,2020-09-01T06:08:33,2020-09-01T19:14:51,Clear,10.8,0.5
2020-09-02,2020-09-02T06:09:34,2020-09-02T19:13:11,"Rain, Partially cloudy",77,0.5
2020-09-03,2020-09-03T06:10:36,2020-09-03T19:11:30,"Rain, Overcast",91.1,0.51
2020-09-04,2020-09-04T06:11:37,2020-09-04T19:09:49,"Rain, Partially cloudy",34.9,0.53
2020-09-05,2020-09-05T06:12:39,2020-09-05T19:08:08,Clear,3.4,0.55
2020-09-06,2020-09-06T06:13:40,2020-09-06T19:06:26,Partially cloudy,23.2,0.58
2020-09-07,2020-09-07T06:14:42,2020-09-07T19:04:43,Clear,3.3,0.62
2020-09-08,2020-09-08T06:15:43,2020-09-08T19:03:01,Partially cloudy,38.4,0.66
2020-09-09,2020-09-09T06:16:44,2020-09-09T19:01:18,"Rain, Partially cloudy",66.8,0.71
2020-09-10,2020-09-10T06:17:46,2020-09-10T18:59:34,"Rain, Overcast",90.8,0.76
2020-09-11,2020-09-11T06:18:47,2020-09-11T18:57:51,"Rain, Partially cloudy",65.4,0.81
2020-09-12,2020-09-12T06:19:49,2020-09-12T18:56:07,Clear,2.6,0.86
2020-09-13,2020-09-13T06:20:50,2020-09-13T18:54:23,Partially cloudy,26.2,0.9
2020-09-14,2020-09-14T06:21:52,2020-09-14T18:52:39,Partially cloudy,20.5,0.95
2020-09-15,2020-09-15T06:22:54,2020-09-15T18:50:54,Clear,17.7,0.98
2020-09-16,2020-09-16T06:23:55,2020-09-16T18:49:10,Clear,18.8,1
2020-09-17,2020-09-17T06:24:57,2020-09-17T18:47:25,Partially cloudy,22.3,0
2020-09-18,2020-09-18T06:25:59,2020-09-18T18:45:41,"Rain, Partially cloudy",60.8,0.01
2020-09-19,2020-09-19T06:27:01,2020-09-19T18:43:56,Clear,8.8,0.03
2020-09-20,2020-09-20T06:28:03,2020-09-20T18:42:12,Partially cloudy,21.8,0.07
2020-09-21,2020-09-21T06:29:05,2020-09-21T18:40:27,Clear,7.3,0.11
2020-09-22,2020-09-22T06:30:08,2020-09-22T18:38:43,Clear,0,0.16
2020-09-23,2020-09-23T06:31:10,2020-09-23T18:36:58,Clear,13.8,0.22
2020-09-24,2020-09-24T06:32:13,2020-09-24T18:35:14,Clear,0,0.27
2020-09-25,2020-09-25T06:33:16,2020-09-25T18:33:30,Clear,12.8,0.33
2020-09-26,2020-09-26T06:34:19,2020-09-26T18:31:46,Partially cloudy,51.9,0.37
2020-09-27,2020-09-27T06:35:22,2020-09-27T18:30:02,Partially cloudy,56.9,0.41
2020-09-28,2020-09-28T06:36:25,2020-09-28T18:28:19,"Rain, Overcast",94,0.45
2020-09-29,2020-09-29T06:37:29,2020-09-29T18:26:35,Partially cloudy,77.5,0.47
2020-09-30,2020-09-30T06:38:33,2020-09-30T18:24:53,"Rain, Partially cloudy",53.4,0.49
2020-10-01,2020-10-01T06:39:37,2020-10-01T18:23:10,Clear,11.5,0.5
2020-10-02,2020-10-02T06:40:41,2020-10-02T18:21:28,Partially cloudy,44.4,0.5
2020-10-03,2020-10-03T06:41:45,2020-10-03T18:19:46,Clear,8.5,0.52
2020-10-04,2020-10-04T06:42:50,2020-10-04T18:18:05,Partially cloudy,27.3,0.53
2020-10-05,2020-10-05T06:43:55,2020-10-05T18:16:24,"Rain, Partially cloudy",56.6,0.56
2020-10-06,2020-10-06T06:45:00,2020-10-06T18:14:43,Partially cloudy,21,0.59
2020-10-07,2020-10-07T06:46:06,2020-10-07T18:13:03,"Rain, Partially cloudy",26.2,0.63
2020-10-08,2020-10-08T06:47:11,2020-10-08T18:11:24,Clear,2.2,0.68
2020-10-09,2020-10-09T06:48:18,2020-10-09T18:09:45,Clear,0,0.73
2020-10-10,2020-10-10T06:49:24,2020-10-10T18:08:07,Clear,10.1,0.78
2020-10-11,2020-10-11T06:50:31,2020-10-11T18:06:30,Partially cloudy,27.6,0.83
2020-10-12,2020-10-12T06:51:38,2020-10-12T18:04:53,Partially cloudy,63,0.88
2020-10-13,2020-10-13T06:52:45,2020-10-13T18:03:17,"Rain, Overcast",100,0.93
2020-10-14,2020-10-14T06:53:53,2020-10-14T18:01:42,Partially cloudy,21.8,0.96
2020-10-15,2020-10-15T06:55:01,2020-10-15T18:00:07,Clear,10.4,0.99
2020-10-16,2020-10-16T06:56:09,2020-10-16T17:58:34,"Rain, Partially cloudy",74.3,1
2020-10-17,2020-10-17T06:57:18,2020-10-17T17:57:01,"Rain, Partially cloudy",51.1,0
2020-10-18,2020-10-18T06:58:27,2020-10-18T17:55:29,Clear,3.1,0.02
2020-10-19,2020-10-19T06:59:36,2020-10-19T17:53:58,Clear,7.3,0.05
2020-10-20,2020-10-20T07:00:46,2020-10-20T17:52:28,"Rain, Partially cloudy",78,0.09
2020-10-21,2020-10-21T07:01:56,2020-10-21T17:50:59,Overcast,99.5,0.14
2020-10-22,2020-10-22T07:03:06,2020-10-22T17:49:31,Partially cloudy,61.2,0.2
2020-10-23,2020-10-23T07:04:16,2020-10-23T17:48:04,Partially cloudy,54.6,0.25
2020-10-24,2020-10-24T07:05:27,2020-10-24T17:46:39,Partially cloudy,85.6,0.3
2020-10-25,2020-10-25T07:06:39,2020-10-25T17:45:14,Partially cloudy,79.6,0.35
2020-10-26,2020-10-26T07:07:50,2020-10-26T17:43:51,"Rain, Overcast",100,0.39
2020-10-27,2020-10-27T07:09:02,2020-10-27T17:42:29,Partially cloudy,78.4,0.43
2020-10-28,2020-10-28T07:10:14,2020-10-28T17:41:08,"Rain, Overcast",98.9,0.46
2020-10-29,2020-10-29T07:11:26,2020-10-29T17:39:49,"Rain, Partially cloudy",73.8,0.48
2020-10-30,2020-10-30T07:12:39,2020-10-30T17:38:30,"Snow, Rain, Overcast",93.7,0.49
2020-10-31,2020-10-31T07:13:52,2020-10-31T17:37:14,Clear,17.5,0.5
2020-11-01,2020-11-01T06:15:05,2020-11-01T16:35:58,"Rain, Overcast",93.6,0.51
2020-11-02,2020-11-02T06:16:18,2020-11-02T16:34:44,Partially cloudy,37.5,0.52
2020-11-03,2020-11-03T06:17:31,2020-11-03T16:33:32,Partially cloudy,37.9,0.54
2020-11-04,2020-11-04T06:18:45,2020-11-04T16:32:21,Partially cloudy,27.3,0.57
2020-11-05,2020-11-05T06:19:58,2020-11-05T16:31:12,Partially cloudy,41.8,0.61
2020-11-06,2020-11-06T06:21:12,2020-11-06T16:30:04,Clear,17.7,0.65
2020-11-07,2020-11-07T06:22:26,2020-11-07T16:28:58,Clear,0.2,0.7
2020-11-08,2020-11-08T06:23:40,2020-11-08T16:27:53,Clear,0,0.75
2020-11-09,2020-11-09T06:24:54,2020-11-09T16:26:51,Clear,10.7,0.8
2020-11-10,2020-11-10T06:26:07,2020-11-10T16:25:50,Partially cloudy,21.9,0.86
2020-11-11,2020-11-11T06:27:21,2020-11-11T16:24:51,"Rain, Partially cloudy",69.1,0.91
2020-11-12,2020-11-12T06:28:35,2020-11-12T16:23:53,"Rain, Overcast",97.5,0.95
2020-11-13,2020-11-13T06:29:48,2020-11-13T16:22:58,"Rain, Overcast",98.8,0.98
2020-11-14,2020-11-14T06:31:02,2020-11-14T16:22:04,Partially cloudy,31.3,1
2020-11-15,2020-11-15T06:32:15,2020-11-15T16:21:13,"Rain, Partially cloudy",30.6,0
2020-11-16,2020-11-16T06:33:28,2020-11-16T16:20:23,"Rain, Partially cloudy",41.2,0.01
2020-11-17,2020-11-17T06:34:40,2020-11-17T16:19:35,Partially cloudy,46.1,0.04
2020-11-18,2020-11-18T06:35:53,2020-11-18T16:18:50,Partially cloudy,32.7,0.07
2020-11-19,2020-11-19T06:37:05,2020-11-19T16:18:06,Clear,14.1,0.12
2020-11-20,2020-11-20T06:38:16,2020-11-20T16:17:25,Clear,5.9,0.17
2020-11-21,2020-11-21T06:39:27,2020-11-21T16:16:45,Clear,15.8,0.22
2020-11-22,2020-11-22T06:40:37,2020-11-22T16:16:08,Partially cloudy,81.4,0.27
2020-11-23,2020-11-23T06:41:47,2020-11-23T16:15:33,"Rain, Partially cloudy",74.2,0.31
2020-11-24,2020-11-24T06:42:56,2020-11-24T16:15:00,Clear,1.6,0.36
2020-11-25,2020-11-25T06:44:05,2020-11-25T16:14:29,"Rain, Partially cloudy",68,0.4
2020-11-26,2020-11-26T06:45:13,2020-11-26T16:14:01,"Rain, Partially cloudy",84.9,0.43
2020-11-27,2020-11-27T06:46:20,2020-11-27T16:13:34,Partially cloudy,83.2,0.46
2020-11-28,2020-11-28T06:47:26,2020-11-28T16:13:11,Partially cloudy,72.8,0.48
2020-11-29,2020-11-29T06:48:31,2020-11-29T16:12:49,Clear,0,0.5
2020-11-30,2020-11-30T06:49:35,2020-11-30T16:12:30,"Rain, Partially cloudy",61,0.5
2020-12-01,2020-12-01T06:50:38,2020-12-01T16:12:13,"Rain, Overcast",91.7,0.51
2020-12-02,2020-12-02T06:51:40,2020-12-02T16:11:58,Partially cloudy,51.9,0.53
2020-12-03,2020-12-03T06:52:41,2020-12-03T16:11:46,Clear,7.9,0.55
2020-12-04,2020-12-04T06:53:40,2020-12-04T16:11:36,"Rain, Partially cloudy",57.1,0.58
2020-12-05,2020-12-05T06:54:39,2020-12-05T16:11:28,"Snow, Rain, Overcast",96.5,0.62
2020-12-06,2020-12-06T06:55:36,2020-12-06T16:11:23,Partially cloudy,38.4,0.67
2020-12-07,2020-12-07T06:56:31,2020-12-07T16:11:21,Clear,9.4,0.73
2020-12-08,2020-12-08T06:57:25,2020-12-08T16:11:20,"Snow, Rain, Partially cloudy",83.1,0.78
2020-12-09,2020-12-09T06:58:18,2020-12-09T16:11:22,"Snow, Rain, Partially cloudy",49.8,0.84
2020-12-10,2020-12-10T06:59:09,2020-12-10T16:11:27,Partially cloudy,24.9,0.89
2020-12-11,2020-12-11T06:59:58,2020-12-11T16:11:33,Clear,5.1,0.94
2020-12-12,2020-12-12T07:00:46,2020-12-12T16:11:42,"Rain, Partially cloudy",82.2,0.97
2020-12-13,2020-12-13T07:01:32,2020-12-13T16:11:54,"Rain, Partially cloudy",35.8,1
2020-12-14,2020-12-14T07:02:16,2020-12-14T16:12:08,"Rain, Partially cloudy",49,1
2020-12-15,2020-12-15T07:02:59,2020-12-15T16:12:24,Clear,1.2,0
2020-12-16,2020-12-16T07:03:39,2020-12-16T16:12:42,"Snow, Rain, Partially cloudy",53.2,0.02
2020-12-17,2020-12-17T07:04:18,2020-12-17T16:13:03,"Snow, Rain, Overcast",100,0.05
2020-12-18,2020-12-18T07:04:55,2020-12-18T16:13:26,Partially cloudy,89.6,0.09
2020-12-19,2020-12-19T07:05:30,2020-12-19T16:13:52,"Snow, Partially cloudy",69,0.13
2020-12-20,2020-12-20T07:06:02,2020-12-20T16:14:19,"Snow, Rain, Partially cloudy",65,0.18
2020-12-21,2020-12-21T07:06:33,2020-12-21T16:14:49,"Snow, Rain, Overcast",93.6,0.23
2020-12-22,2020-12-22T07:07:02,2020-12-22T16:15:21,Partially cloudy,38.2,0.28
2020-12-23,2020-12-23T07:07:28,2020-12-23T16:15:55,Clear,0.2,0.32
2020-12-24,2020-12-24T07:07:52,2020-12-24T16:16:31,"Rain, Partially cloudy",50.2,0.37
2020-12-25,2020-12-25T07:08:14,2020-12-25T16:17:09,"Rain, Overcast",97.9,0.4
2020-12-26,2020-12-26T07:08:34,2020-12-26T16:17:49,Partially cloudy,23.9,0.44
2020-12-27,2020-12-27T07:08:51,2020-12-27T16:18:31,Clear,0,0.47
2020-12-28,2020-12-28T07:09:07,2020-12-28T16:19:15,Partially cloudy,65.2,0.49
2020-12-29,2020-12-29T07:09:20,2020-12-29T16:20:01,Partially cloudy,30.3,0.5
2020-12-30,2020-12-30T07:09:30,2020-12-30T16:20:48,Clear,13.5,0.5
2020-12-31,2020-12-31T07:09:39,2020-12-31T16:21:38,"Rain, Partially cloudy",70,0.51
